name,industry,website,employee_count
Tech Innovations Inc,Technology,www.techinnovations.com,5000
Global Finance Corp,Finance,www.globalfinance.com,12000
HealthCare Solutions,Healthcare,www.healthcaresolutions.com,3500
Green Energy Co,Energy,www.greenenergy.com,2000
Retail Dynamics,Retail,www.retaildynamics.com,8000
Manufacturing Excellence,Manufacturing,www.mfgexcellence.com,4500
Digital Marketing Pro,Marketing,www.digitalmarketingpro.com,1500
Education First,Education,www.educationfirst.com,6000
Legal Partners LLC,Legal,www.legalpartners.com,800
Construction Masters,Construction,www.constructionmasters.com,3000
Food & Beverage Inc,Food & Beverage,www.foodbeverage.com,7000
Transportation Systems,Transportation,www.transportsystems.com,9000
Media & Entertainment Co,Media,www.mediaent.com,4000
Real Estate Holdings,Real Estate,www.realestateholdings.com,2500
Consulting Group,Consulting,www.consultinggroup.com,3500
Pharmaceutical Labs,Pharmaceuticals,www.pharmalabs.com,11000
Insurance Solutions,Insurance,www.insurancesolutions.com,6500
Aerospace Engineering,Aerospace,www.aerospaceeng.com,5500
Telecommunications Inc,Telecommunications,www.telecom.com,15000
Fashion & Design Co,Fashion,www.fashiondesign.com,2000
